<?xml version="1.0" encoding="UTF-8"?><employee-records><emp><city>Hyderabad</city><empId>100</empId><name>Amit</name><salary>0.0</salary></emp><emp><city>Hyderabad</city><empId>101</empId><name>Amit</name><salary>0.0</salary></emp><emp><city>Hyderabad</city><empId>206</empId><name>Krishna</name><salary>0.0</salary></emp><emp><city>Hyderabad</city><empId>210</empId><name>Amit</name><salary>0.0</salary></emp><emp><city>Hyderabad</city><empId>215</empId><name>Krishna</name><salary>0.0</salary></emp><emp><city>Hyderabad</city><empId>216</empId><name>Krishna</name><salary>0.0</salary></emp><emp><city>Hyderabad</city><empId>219</empId><name>Krishna</name><salary>0.0</salary></emp><emp><city>London</city><empId>302</empId><name>Gopi</name><salary>0.0</salary></emp></employee-records>