100,shantanu,hyderabad,80000.0
101,amith,bangalore,70000.0
102,kiran,chennai,70000.0
103,lokesh,noida,60000.0
100,shantanu,hyderabad,80000.0
101,amith,bangalore,70000.0
102,kiran,chennai,70000.0
103,lokesh,noida,60000.0
100,shantanu,hyderabad,80000.0
101,amith,bangalore,70000.0
102,kiran,chennai,70000.0
103,lokesh,noida,60000.0
100,shantanu,hyderabad,80000.0
101,amith,bangalore,70000.0
102,kiran,chennai,70000.0
103,lokesh,noida,60000.0
100,shantanu,hyderabad,80000.0
101,amith,bangalore,70000.0
102,kiran,chennai,70000.0
103,lokesh,noida,60000.0
